<?xml version="1.0" encoding="utf-8" ?>
<odoo>
    <record id="product_product_fleet_1" model="product.product">
        <field name="name">Opel/Astra/1-ACK-205</field>
        <field name="standard_price">800.0</field>
        <field name="list_price">320.0</field>
        <field name="detailed_type">consu</field>
        <field name="weight">0.01</field>
        <field name="uom_id" ref="uom.product_uom_unit"/>
        <field name="uom_po_id" ref="uom.product_uom_unit"/>
    </record>

    <record id="product_product_fleet_2" model="product.product">
        <field name="name">Audi/A1/1-AUD-001</field>
        <field name="standard_price">800.0</field>
        <field name="list_price">320.0</field>
        <field name="detailed_type">consu</field>
        <field name="weight">0.01</field>
        <field name="uom_id" ref="uom.product_uom_unit"/>
        <field name="uom_po_id" ref="uom.product_uom_unit"/>
    </record>

    <record id="product_product_fleet_3" model="product.product">
        <field name="name">Bmw/Serie 1/1-BMW-001</field>
        <field name="standard_price">800.0</field>
        <field name="list_price">320.0</field>
        <field name="detailed_type">consu</field>
        <field name="weight">0.01</field>
        <field name="uom_id" ref="uom.product_uom_unit"/>
        <field name="uom_po_id" ref="uom.product_uom_unit"/>
    </record>

    <record id="product_product_fleet_4" model="product.product">
        <field name="name">Mercedes/Class A/1-MER-001</field>
        <field name="standard_price">800.0</field>
        <field name="list_price">320.0</field>
        <field name="detailed_type">consu</field>
        <field name="weight">0.01</field>
        <field name="uom_id" ref="uom.product_uom_unit"/>
        <field name="uom_po_id" ref="uom.product_uom_unit"/>
    </record>

    <record id="product_product_fleet_5" model="product.product">
        <field name="name">Opel/Corsa/1-SYN-404</field>
        <field name="standard_price">800.0</field>
        <field name="list_price">320.0</field>
        <field name="detailed_type">consu</field>
        <field name="weight">0.01</field>
        <field name="uom_id" ref="uom.product_uom_unit"/>
        <field name="uom_po_id" ref="uom.product_uom_unit"/>
    </record>

    <record id="fleet.vehicle_1" model="fleet.vehicle">
        <field name="product_id" ref="product_product_fleet_1"/>
    </record>

    <record id="fleet.vehicle_2" model="fleet.vehicle">
        <field name="product_id" ref="product_product_fleet_2"/>
    </record>

    <record id="fleet.vehicle_3" model="fleet.vehicle">
         <field name="product_id" ref="product_product_fleet_3"/>
    </record>

    <record id="fleet.vehicle_4" model="fleet.vehicle">
        <field name="product_id" ref="product_product_fleet_4"/>
    </record>

    <record id="fleet.vehicle_5" model="fleet.vehicle">
        <field name="product_id" ref="product_product_fleet_5"/>
    </record>
</odoo>
